Ticker,Date,Price,Volume
ACB,20160427,17.8,241006
ACB,20160426,18,117712
ACB,20160425,18,19229
ACB,20160422,18.2,126434
ACB,20160421,17.7,76583
ACB,20160420,17.7,73200
ACB,20160419,17.8,27773
ACB,20160415,17.9,66580
ACB,20160414,17.8,89740
ACB,20160413,18.1,94770
ACB,20160412,18.3,71515
ACB,20160411,18.4,49001
ACB,20160408,18.5,51607
ACB,20160407,18.2,32738
ACB,20160406,17.9,164962
ACB,20160405,18,59056
ACB,20160404,18.3,69304
ACB,20160401,18.3,125723
ACB,20160331,18.3,104162
ACB,20160330,17.7,215414
ACB,20160329,18.5,72908
ACB,20160328,18.6,28313
ACB,20160325,18.6,28280
ACB,20160324,18.7,60102
ACB,20160323,18.8,349539
ACB,20160322,18.9,143433
ACB,20160321,19,48938
ACB,20160318,19.1,49217
ACB,20160317,19.1,51939
ACB,20160316,19.2,85539
ACB,20160315,19.2,75369
ACB,20160314,19.1,130070
ACB,20160311,19.4,38679
ACB,20160310,19.3,127860
ACB,20160309,19.4,72850
ACB,20160308,19,349888
ACB,20160307,19.8,168692
ACB,20160304,19.7,106154
ACB,20160303,19.5,209795
ACB,20160302,19.5,187244
ACB,20160301,19.6,140511
ACB,20160229,19.7,192525
ACB,20160226,19.9,54693
ACB,20160225,19.8,170309
ACB,20160224,20,613706
ACB,20160223,19.2,268334
ACB,20160222,19.2,93741
ACB,20160219,19.2,162020
ACB,20160218,19.2,65316
ACB,20160217,19.2,141492
ACB,20160216,19.4,114193
ACB,20160215,19,25161
ACB,20160205,19.1,59764
ACB,20160204,19,120031
ACB,20160203,19,80000
ACB,20160202,19,113430
ACB,20160201,18.9,158690
ACB,20160129,19,85979
ACB,20160128,19,29261
ACB,20160127,19,154443
ACB,20160126,19,43819
ACB,20160125,19.1,143015
ACB,20160122,18.6,29413
ACB,20160121,18.9,91172
ACB,20160120,18.9,195341
ACB,20160119,18.9,71934
ACB,20160118,18.6,325887
ACB,20160115,19.1,260588
ACB,20160114,19,315858
ACB,20160113,19,81357
ACB,20160112,19,48154
ACB,20160111,19,37405
ACB,20160108,19.1,84809
ACB,20160107,19.1,94027
ACB,20160106,19.5,40589
ACB,20160105,19.4,47676
ACB,20160104,19.7,36439
ACB,20151231,19.8,49268
ACB,20151230,19.5,23229
ACB,20151229,19.4,66664
ACB,20151228,19.3,31329
ACB,20151225,19.2,42647
ACB,20151224,19.2,46337
ACB,20151223,19.2,99719
ACB,20151222,19.3,3990
ACB,20151221,19.4,64500
ACB,20151218,19.2,61210
ACB,20151217,19.5,65682
ACB,20151216,19.3,231288
ACB,20151215,19.3,185385
ACB,20151214,19.4,10348
ACB,20151211,19.4,42621
ACB,20151210,19.3,53969
ACB,20151209,19.6,19516
ACB,20151208,19.6,198616
ACB,20151207,19.4,106274
ACB,20151204,19.4,93512
ACB,20151203,19.4,120400
ACB,20151202,19.5,175800
ACB,20151201,19.4,70757
ACB,20151130,19.4,65564
ACB,20151127,19.4,159463
ACB,20151126,19.6,125075
ACB,20151125,19.6,87977
ACB,20151124,19.6,104586
ACB,20151123,19.9,137973
ACB,20151120,20,52888
ACB,20151119,20.1,149493
ACB,20151118,20.2,106123
ACB,20151117,20.1,104666
ACB,20151116,20.2,182808
ACB,20151113,20.5,89348
ACB,20151112,20.3,192162
ACB,20151111,19.9,63351
ACB,20151110,20.2,59686
ACB,20151109,20.4,62807
ACB,20151106,20.6,60404
ACB,20151105,20.5,130706
ACB,20151104,20.4,114262
ACB,20151103,20.6,126751
ACB,20151102,20.6,49251
ACB,20151030,20.8,167701
ACB,20151029,20.8,204951
ACB,20151028,20.6,78194
ACB,20151027,20.9,72424
ACB,20151026,20.9,246978
ACB,20151023,20.8,175412
ACB,20151022,20.8,176203
ACB,20151021,20.5,282119
ACB,20151020,20.6,149907
ACB,20151019,20.7,178784
ACB,20151016,20.7,431631
ACB,20151015,20.8,371189
ACB,20151014,20.8,296896
ACB,20151013,20.8,230664
ACB,20151012,20.9,479803
ACB,20151009,20.6,557772
ACB,20151008,20.2,541780
ACB,20151007,19.9,188078
ACB,20151006,20.2,895315
ACB,20151005,19.6,220204
ACB,20151002,19.5,158695
ACB,20151001,19.4,227369
ACB,20150930,19.4,123594
ACB,20150929,19.4,299147
ACB,20150928,19.3,265140
ACB,20150925,19.7,322242
ACB,20150924,19.5,989427
ACB,20150923,19.3,207733
ACB,20150922,19.2,302093
ACB,20150921,19.3,139262
ACB,20150918,19.3,290102
ACB,20150917,19.1,647976
ACB,20150916,18.7,95791
ACB,20150915,18.7,153480
ACB,20150914,18.9,119804
ACB,20150911,19,161434
ACB,20150910,19.2,259986
ACB,20150909,19.5,702756
ACB,20150908,19,301747
ACB,20150907,18.1,140700
ACB,20150904,17.9,129860
ACB,20150903,18.1,131193
ACB,20150901,18.2,219234
ACB,20150831,18.3,186590
ACB,20150828,18.8,559810
ACB,20150827,18.6,267961
ACB,20150826,18.4,565316
ACB,20150825,17.8,729322
ACB,20150824,17.1,1663746
ACB,20150821,18.9,851858
ACB,20150820,18.9,182245
ACB,20150819,19.2,362735
ACB,20150818,19,521619
ACB,20150817,18.7,1125772
ACB,20150814,19.8,772335
ACB,20150813,20.1,552126
ACB,20150812,20.5,491840
ACB,20150811,20.9,309493
ACB,20150810,21.2,287468
ACB,20150807,20.5,220667
ACB,20150806,20.5,197343
ACB,20150805,20.9,288442
ACB,20150804,20.6,435108
ACB,20150803,20.8,745685
ACB,20150731,21.6,342128
ACB,20150730,21.7,338803
ACB,20150729,21.7,334121
ACB,20150728,21.9,595210
ACB,20150727,22,537838
ACB,20150724,21.9,241877
ACB,20150723,21.8,892399
ACB,20150722,22.5,525766
ACB,20150721,21.2,674566
ACB,20150720,21.8,1189236
ACB,20150717,22,743928
ACB,20150716,22.5,744800
ACB,20150715,22.6,1158668
ACB,20150714,23.2,2298523
ACB,20150713,22.8,609504
ACB,20150710,22.7,682325
ACB,20150709,22.7,1152099
ACB,20150708,22.9,1447415
ACB,20150707,23.6,1754487
ACB,20150706,23.4,2519437
ACB,20150703,22.3,1760897
ACB,20150702,21.7,1349683
ACB,20150701,20.7,508272
ACB,20150630,20.5,915176
ACB,20150629,20.8,858135
ACB,20150626,21,1009225
ACB,20150625,21.6,595957
ACB,20150624,21.4,643475
ACB,20150623,21.8,727502
ACB,20150622,21.9,834327
ACB,20150619,21.7,385535
ACB,20150618,21.5,622294
ACB,20150617,21.2,454521
ACB,20150616,21.4,859613
ACB,20150615,21.8,978956
ACB,20150612,21.3,615109
ACB,20150611,21.5,807912
ACB,20150610,21.9,977147
ACB,20150609,21.9,1081395
ACB,20150608,21.9,1163634
ACB,20150605,21.6,1201275
ACB,20150604,20.5,1126592
ACB,20150603,19.7,765768
ACB,20150602,19.5,1219764
ACB,20150601,20.1,1006223
ACB,20150529,19.3,805676
ACB,20150528,19.1,1585442
ACB,20150527,18,833767
ACB,20150526,17.5,1612511
ACB,20150525,16.6,401035
ACB,20150522,16.1,139779
ACB,20150521,16.3,46433
ACB,20150520,16.1,96071
ACB,20150519,16,37354
ACB,20150518,15.9,222564
ACB,20150515,16.1,68959
ACB,20150514,16,98453
ACB,20150513,15.8,327269
ACB,20150512,15.9,59695
ACB,20150511,15.9,134947
ACB,20150508,15.8,171291
ACB,20150507,15.9,121436
ACB,20150506,15.9,144990
ACB,20150505,15.9,48513
ACB,20150504,15.7,16816
ACB,20150427,16.1,172955
ACB,20150424,15.6,30752
ACB,20150423,15.8,39006
ACB,20150422,15.8,105481
ACB,20150421,15.6,52353
ACB,20150420,15.8,44975
ACB,20150417,15.9,36935
ACB,20150416,15.8,82523
ACB,20150415,15.8,42101
ACB,20150414,15.9,57719
ACB,20150413,15.9,36940
ACB,20150410,15.9,26605
ACB,20150409,15.8,153488
ACB,20150408,15.9,60778
ACB,20150407,16,46793
ACB,20150406,16.1,4952
ACB,20150403,16.1,51215
ACB,20150402,15.9,159003
ACB,20150401,15.8,252663
ACB,20150331,16,57640
ACB,20150330,16.1,187169
ACB,20150327,16.1,150742
ACB,20150326,16.3,165791
ACB,20150325,16.3,122734
ACB,20150324,16.1,222685
ACB,20150323,16.2,57431
ACB,20150320,16.4,116347
ACB,20150319,16.2,129073
ACB,20150318,16.2,259352
ACB,20150317,16.2,118588
ACB,20150316,16.2,340462
ACB,20150313,16.2,162894
ACB,20150312,16.3,47908
ACB,20150311,16.4,561767
ACB,20150310,16.3,96698
ACB,20150309,16.2,159821
ACB,20150306,16.3,322073
ACB,20150305,16.1,159152
ACB,20150304,16.2,412425
ACB,20150303,16.2,603931
ACB,20150302,16.3,100838
ACB,20150227,16.3,64375
ACB,20150226,16.6,112327
ACB,20150225,16.6,672279
ACB,20150224,16.4,140871
ACB,20150213,16.1,650359
ACB,20150212,15.7,87911
ACB,20150211,15.7,90914
ACB,20150210,15.5,105679
ACB,20150209,15.4,72974
ACB,20150206,15.7,245283
ACB,20150205,15.4,74461
ACB,20150204,15.4,270500
ACB,20150203,15.2,827865
ACB,20150202,16.1,265344
ACB,20150130,16.5,478259
ACB,20150129,17,429009
ACB,20150128,17.2,959871
ACB,20150127,16.5,315651
ACB,20150126,16.5,307006
ACB,20150123,16.4,1441874
ACB,20150122,15.6,300965
ACB,20150121,15.2,205371
ACB,20150120,15.3,75172
ACB,20150119,15.4,230317
ACB,20150116,15.2,374204
ACB,20150115,15.2,244964
ACB,20150114,15.5,300420
ACB,20150113,15.8,416006
ACB,20150112,15.4,368334
ACB,20150109,15.2,693623
ACB,20150108,15.1,14880
ACB,20150107,15,232861
ACB,20150106,14.9,89802
ACB,20150105,14.7,55888
ACB,20141231,14.8,39354
ACB,20141230,14.7,178030
ACB,20141229,14.7,105923
ACB,20141226,14.8,47517
ACB,20141225,14.8,68821
ACB,20141224,14.9,181309
ACB,20141223,14.9,92526
ACB,20141222,14.7,43600
ACB,20141219,14.8,140100
ACB,20141218,14.8,63994
ACB,20141217,14.7,275334
ACB,20141216,14.8,397979
ACB,20141215,14.9,108333
ACB,20141212,14.9,50253
ACB,20141211,14.9,65131
ACB,20141210,14.8,129215
ACB,20141209,14.7,119810
ACB,20141208,14.9,60200
ACB,20141205,14.9,212038
ACB,20141204,14.9,202567
ACB,20141203,14.6,171643
ACB,20141202,14.5,78471
ACB,20141201,14.6,245301
ACB,20141128,14.6,108071
ACB,20141127,14.8,23569
ACB,20141126,14.6,68795
ACB,20141125,14.8,128283
ACB,20141124,14.7,175773
ACB,20141121,14.8,22641
ACB,20141120,14.9,33683
ACB,20141119,14.9,143255
ACB,20141118,15,145431
ACB,20141117,15.1,377610
ACB,20141114,15,64189
ACB,20141113,15.3,142342
ACB,20141112,15.3,341874
ACB,20141111,15,137791
ACB,20141110,14.8,23052
ACB,20141107,14.9,108912
ACB,20141106,14.9,607153
ACB,20141105,14.5,211312
ACB,20141104,14.7,46793
ACB,20141103,14.7,100354
ACB,20141031,14.7,24038
ACB,20141030,14.7,62070
ACB,20141029,14.6,106491
ACB,20141028,14.5,251163
ACB,20141027,14.5,217065
ACB,20141024,14.5,52162
ACB,20141023,14.6,161552
ACB,20141022,14.5,31795
ACB,20141021,14.5,289064
ACB,20141020,14.5,108468
ACB,20141017,14.6,210289
ACB,20141016,14.5,353992
ACB,20141015,14.5,419645
ACB,20141014,14.5,231600
ACB,20141013,14.5,312707
ACB,20141010,14.5,776490
ACB,20141009,14.5,170800
ACB,20141008,14.5,188392
ACB,20141007,14.5,110487
ACB,20141006,14.5,495107
ACB,20141003,14.5,317254
ACB,20141002,14.6,235725
ACB,20141001,14.6,341868
ACB,20140930,14.6,79932
ACB,20140929,14.6,293109
ACB,20140926,14.6,193181
ACB,20140925,14.6,374033
ACB,20140924,14.6,237318
ACB,20140923,14.6,155655
ACB,20140922,14.6,673629
ACB,20140919,14.6,605822
ACB,20140918,14.6,83962
ACB,20140917,14.8,295941
ACB,20140916,14.7,106825
ACB,20140915,14.6,97427
ACB,20140912,14.6,110947
ACB,20140911,14.7,69739
ACB,20140910,14.7,88860
ACB,20140909,14.6,266103
ACB,20140908,14.7,249330
ACB,20140905,14.8,101597
ACB,20140904,14.8,67273
ACB,20140903,14.8,96011
ACB,20140829,14.9,110337
ACB,20140828,14.7,44649
ACB,20140827,14.7,108998
ACB,20140826,14.8,142374
ACB,20140825,14.8,136857
ACB,20140822,14.7,19040
ACB,20140821,14.7,89719
ACB,20140820,14.7,68812
ACB,20140819,14.7,4699
ACB,20140818,14.8,82396
ACB,20140815,14.7,101634
ACB,20140814,14.6,196466
ACB,20140813,14.7,191267
ACB,20140812,14.7,87590
ACB,20140811,14.7,18760
ACB,20140808,14.8,196920
ACB,20140807,14.8,23813
ACB,20140806,14.8,16289
ACB,20140805,14.8,57440
ACB,20140804,14.8,57942
ACB,20140801,14.8,31342
ACB,20140731,14.8,110496
ACB,20140730,14.8,9200
ACB,20140729,14.8,94417
ACB,20140728,14.7,110575
ACB,20140725,14.7,103276
ACB,20140724,14.8,57626
ACB,20140723,14.8,46739
ACB,20140722,14.8,221300
ACB,20140721,14.8,59866
ACB,20140718,14.9,105955
ACB,20140717,14.9,9745
ACB,20140716,14.9,121013
ACB,20140715,14.9,70911
ACB,20140714,14.8,153409
ACB,20140711,14.8,69344
ACB,20140710,14.8,99422
ACB,20140709,14.9,62959
ACB,20140708,14.9,203651
ACB,20140707,14.9,176864
ACB,20140704,14.9,117744
ACB,20140703,14.9,309194
ACB,20140702,14.9,114809
ACB,20140701,14.9,203292
ACB,20140630,14.8,272267
ACB,20140627,14.9,47870
ACB,20140626,14.8,250920
ACB,20140625,14.9,90182
ACB,20140624,14.8,186410
ACB,20140623,14.8,164454
ACB,20140620,14.9,98001
ACB,20140619,14.9,259600
ACB,20140618,14.8,139572
ACB,20140617,14.9,86312
ACB,20140616,14.9,50058
ACB,20140613,14.9,56672
ACB,20140612,14.9,151141
ACB,20140611,15,65325
ACB,20140610,14.9,33196
ACB,20140609,14.9,64344
ACB,20140606,14.9,78759
ACB,20140605,14.9,50359
ACB,20140604,14.9,42853
ACB,20140603,14.7,89839
ACB,20140602,14.9,36489
ACB,20140530,15,156903
ACB,20140529,15,36748
ACB,20140528,15.1,44261
ACB,20140527,15,48647
ACB,20140526,14.9,8700
ACB,20140523,14.9,14386
ACB,20140522,14.9,73670
ACB,20140521,15,133886
ACB,20140520,14.8,11744
ACB,20140519,14.8,55680
ACB,20140516,14.8,152398
ACB,20140515,14.8,81150
ACB,20140514,14.7,108281
ACB,20140513,14.4,118603
ACB,20140512,14.3,160743
ACB,20140509,14.7,252229
ACB,20140508,14.5,198453
ACB,20140507,15,101720
ACB,20140506,14.9,231759
ACB,20140505,15,246411
ACB,20140429,15,44670
ACB,20140428,15,94101
ACB,20140425,15.1,124699
ACB,20140424,14.8,124474
ACB,20140423,15.1,70037
ACB,20140422,15.3,126533
ACB,20140421,15.2,105128
ACB,20140418,15.3,493684
ACB,20140417,15.3,222188
ACB,20140416,15.4,351254
ACB,20140415,15.3,310269
ACB,20140414,15.6,225754
ACB,20140411,15.5,435510
ACB,20140410,15.5,67181
ACB,20140408,15.4,51025
ACB,20140407,15.5,47730
ACB,20140404,15.6,151083
ACB,20140403,15.7,261047
ACB,20140402,15.4,340174
ACB,20140401,15.5,521973
ACB,20140331,15.6,199778
ACB,20140328,15.6,115058
ACB,20140327,15.6,296773
ACB,20140326,15.6,583854
ACB,20140325,15.8,502703
ACB,20140324,16,565578
ACB,20140321,15.8,405430
ACB,20140320,15.9,452237
ACB,20140319,16,612020
ACB,20140318,15.6,652345
ACB,20140317,15.2,728589
ACB,20140314,15.1,494631
ACB,20140313,15.1,310883
ACB,20140312,15,212082
ACB,20140311,15.1,322067
ACB,20140310,15.1,213819
ACB,20140307,15.2,214785
ACB,20140306,15.2,481079
ACB,20140305,15.2,209310
ACB,20140304,15.2,269216
ACB,20140303,15.3,305876
ACB,20140228,15.6,377052
ACB,20140227,15.8,1517007
ACB,20140226,14.9,653738
ACB,20140225,14.7,237673
ACB,20140224,14.7,141679
ACB,20140221,14.7,138041
ACB,20140220,14.6,292230
ACB,20140219,14.7,443485
ACB,20140218,14.7,576724
ACB,20140217,14.7,533459
ACB,20140214,15.1,178059
ACB,20140213,15.1,159044
ACB,20140212,15,149504
ACB,20140211,14.9,472956
ACB,20140210,14.8,551546
ACB,20140207,14.8,80742
ACB,20140206,14.8,39130
ACB,20140127,14.8,61108
ACB,20140124,14.8,79711
ACB,20140123,14.7,45473
ACB,20140122,14.7,173860
ACB,20140121,14.7,144669
ACB,20140120,15,258622
ACB,20140117,15.1,339893
ACB,20140116,14.7,102763
ACB,20140115,14.8,140117
ACB,20140114,14.8,198230
ACB,20140113,14.6,27243
ACB,20140110,14.6,160305
ACB,20140109,14.6,72432
ACB,20140108,14.5,58852
ACB,20140107,14.6,152905
ACB,20140106,14.4,190009
ACB,20140103,14.5,98656
ACB,20140102,14.4,146982
ACB,20131231,14.3,165530
ACB,20131230,14.4,342032
ACB,20131227,14.4,152742
ACB,20131226,14.3,100900
ACB,20131225,14.3,44447
ACB,20131224,14.4,57644
ACB,20131223,14.4,118135
ACB,20131220,14.3,25834
ACB,20131219,14.4,160367
ACB,20131218,14.3,193040
ACB,20131217,14.3,255294
ACB,20131216,14.3,153519
ACB,20131213,14.3,212700
ACB,20131212,14.3,224490
ACB,20131211,14.2,293230
ACB,20131210,14.3,274763
ACB,20131209,14.3,69801
ACB,20131206,14.3,110214
ACB,20131205,14.4,115937
ACB,20131204,14.4,151610
ACB,20131203,14.3,200479
ACB,20131202,14.3,68027
ACB,20131129,14.3,78444
ACB,20131128,14.2,83793
ACB,20131127,14.4,168966
ACB,20131126,14.4,35428
ACB,20131125,14.4,128577
ACB,20131122,14.4,93432
ACB,20131121,14.4,156399
ACB,20131120,14.4,70621
ACB,20131119,14.4,18553
ACB,20131118,14.3,327663
ACB,20131115,14.3,48492
ACB,20131114,14.3,44718
ACB,20131113,14.3,88736
ACB,20131112,14.3,111137
ACB,20131111,14.2,125034
ACB,20131108,14.2,29826
ACB,20131107,14.2,25539
ACB,20131106,14.3,56986
ACB,20131105,14.4,58264
ACB,20131104,14.3,56332
ACB,20131101,14.4,69931
ACB,20131031,14.3,252293
ACB,20131030,14.3,84217
ACB,20131029,14.3,176107
ACB,20131028,14.2,136404
ACB,20131025,14.3,97476
ACB,20131024,14.3,229426
ACB,20131023,14.3,71794
ACB,20131022,14.3,180108
ACB,20131021,14.4,155857
ACB,20131018,14.4,47854
ACB,20131017,14.4,127347
ACB,20131016,14.5,161429
ACB,20131015,14.5,198445
ACB,20131014,14.4,301744
ACB,20131011,14.4,74508
ACB,20131010,14.4,170308
ACB,20131009,14.5,166482
ACB,20131008,14.3,199278
ACB,20131007,14.4,108737
ACB,20131004,14.3,108368
ACB,20131003,14.4,78753
ACB,20131002,14.3,112846
ACB,20131001,14.4,163710
ACB,20130930,14.2,94178
ACB,20130927,14.2,245255
ACB,20130926,14.2,82632
ACB,20130925,14.2,160131
ACB,20130924,14.2,340846
ACB,20130923,14.1,766055
ACB,20130920,14.2,184365
ACB,20130919,14.1,330829
ACB,20130918,14.1,200256
ACB,20130917,14.1,161070
ACB,20130916,14.1,78466
ACB,20130913,14.1,55773
ACB,20130912,14,209898
ACB,20130911,14.2,74798
ACB,20130910,14.1,29000
ACB,20130909,14,176700
ACB,20130906,14.1,58281
ACB,20130905,14,126600
ACB,20130904,13.9,79730
ACB,20130903,14,55063
ACB,20130830,14.1,204806
ACB,20130829,13.9,382496
ACB,20130828,13.9,314841
ACB,20130827,14.2,85470
ACB,20130826,14.2,59674
ACB,20130823,14.2,258299
ACB,20130822,14.2,198081
ACB,20130821,14.3,136103
ACB,20130820,14.3,91341
ACB,20130819,14.3,137777
ACB,20130816,14.2,191415
ACB,20130815,14.3,75688
ACB,20130814,14.4,43973
ACB,20130813,14.2,161424
ACB,20130812,14.2,202059
ACB,20130809,14.2,410733
ACB,20130808,14.3,386989
ACB,20130807,14.5,90113
ACB,20130806,14.4,293456
ACB,20130805,14.4,366503
ACB,20130802,14.4,130684
ACB,20130801,14.4,654000
ACB,20130731,14.5,468415
ACB,20130730,14.6,195753
ACB,20130729,14.6,152682
ACB,20130726,14.6,403600
ACB,20130725,14.5,231700
ACB,20130724,14.6,413100
ACB,20130723,14.7,150900
ACB,20130722,14.6,423700
ACB,20130719,14.6,228500
ACB,20130718,14.7,232100
ACB,20130717,14.7,450900
ACB,20130716,14.6,68100
ACB,20130715,14.6,124200
ACB,20130712,14.6,231400
ACB,20130711,14.6,80300
ACB,20130710,14.6,132200
ACB,20130709,14.6,341200
ACB,20130708,14.5,62200
ACB,20130705,14.6,309500
ACB,20130704,14.8,298600
ACB,20130703,14.8,374100
ACB,20130702,14.8,339900
ACB,20130701,14.7,341800
ACB,20130628,14.7,675700
ACB,20130627,14.7,778000
ACB,20130626,14.7,336600
ACB,20130625,14.7,1440600
ACB,20130624,14.9,578000
ACB,20130621,14.8,230600
ACB,20130620,14.8,505600
ACB,20130619,14.9,286800
ACB,20130618,14.8,422300
ACB,20130617,14.8,433100
ACB,20130614,15,354200
ACB,20130613,15.1,281500
ACB,20130612,15.2,283000
ACB,20130611,15.3,399200
ACB,20130610,15.3,402400
ACB,20130607,15.4,597700
ACB,20130606,15.2,489200
ACB,20130605,15.2,299300
ACB,20130604,15.1,521500
ACB,20130603,15.4,1074900
ACB,20130531,15.1,684300
ACB,20130530,15.1,319200
ACB,20130529,15.2,673900
ACB,20130528,15.2,660500
ACB,20130527,15.1,678900
ACB,20130524,15.2,139700
ACB,20130523,15.1,502700
ACB,20130522,15.3,1511400
ACB,20130521,14.7,229800
ACB,20130520,14.6,339800
ACB,20130517,14.7,212300
ACB,20130516,14.7,207300
ACB,20130515,14.3,217400
ACB,20130514,14.3,438800
ACB,20130513,14.4,164800
ACB,20130510,14.4,181700
ACB,20130509,14.3,324500
ACB,20130508,14.1,329000
ACB,20130507,14.3,367200
ACB,20130506,14.2,389900
ACB,20130503,14.1,158400
ACB,20130502,14.1,181300
ACB,20130426,14,164700
ACB,20130425,14,71200
ACB,20130424,14,59500
ACB,20130423,14,127600
ACB,20130422,13.9,302400
ACB,20130418,13.9,447500
ACB,20130417,13.9,320700
ACB,20130416,14,392200
ACB,20130415,14.1,347300
ACB,20130412,14.5,253600
ACB,20130411,14.7,933300
ACB,20130410,14,157400
ACB,20130409,14,93600
ACB,20130408,14.1,412400
ACB,20130405,14.2,328400
ACB,20130404,14.1,264100
ACB,20130403,14.3,103700
ACB,20130402,14.3,259400
ACB,20130401,14.3,235700
ACB,20130329,14.4,188300
ACB,20130328,14.4,232000
ACB,20130327,14.3,268300
ACB,20130326,14.3,63700
ACB,20130325,14.5,154200
ACB,20130322,14.5,464500
ACB,20130321,14.5,188800
ACB,20130320,14.6,111200
ACB,20130319,14.5,66000
ACB,20130318,14.5,295500
ACB,20130315,14.6,78200
ACB,20130314,14.5,135300
ACB,20130313,14.5,173900
ACB,20130312,14.6,110600
ACB,20130311,14.6,240000
ACB,20130308,14.5,173900
ACB,20130307,14.4,238100
ACB,20130306,14.5,126600
ACB,20130305,14.3,308000
ACB,20130304,14.4,493100
ACB,20130301,14.7,183700
ACB,20130228,14.5,120800
ACB,20130227,14.5,579700
ACB,20130226,14.4,1170100
ACB,20130225,14.7,279200
ACB,20130222,14.7,725900
ACB,20130221,14.5,1450600
ACB,20130220,15.3,794100
ACB,20130219,15.5,440200
ACB,20130218,15.6,469400
ACB,20130208,15.7,388500
ACB,20130207,15.4,457800
ACB,20130206,15.4,542700
ACB,20130205,15.4,602000
ACB,20130204,15.4,387200
ACB,20130201,15.5,583900
ACB,20130131,15.5,860100
ACB,20130130,15.7,823600
ACB,20130129,15.7,572800
ACB,20130128,15.5,1135900
ACB,20130125,15.4,786500
ACB,20130124,15.2,333700
ACB,20130123,14.9,331100
ACB,20130122,14.9,738000
ACB,20130121,15.4,341900
ACB,20130118,15.6,679700
ACB,20130117,15.8,1068300
ACB,20130116,16,1346900
ACB,20130115,16,1310500
ACB,20130114,15.8,614300
ACB,20130111,16,806200
ACB,20130110,16.1,880700
ACB,20130109,15.9,3861400
ACB,20130108,15.2,2180000
ACB,20130107,15.1,1355700
ACB,20130104,15.1,1170100
ACB,20130103,14.9,1967200
ACB,20130102,15.2,2578600
ACB,20121228,14.5,641500
ACB,20121227,14.3,598100
ACB,20121226,14.3,349400
ACB,20121225,14.1,460300
ACB,20121224,14.1,265600
ACB,20121221,14.1,162600
ACB,20121220,14.2,203800
ACB,20121219,14.3,335800
ACB,20121218,14,356300
ACB,20121217,14.4,387800
ACB,20121214,14.8,1305300
ACB,20121213,14.1,666300
ACB,20121212,13.6,236600
ACB,20121211,13.2,84900
ACB,20121210,13.2,176300
ACB,20121207,13,41800
ACB,20121206,13,106200
ACB,20121205,13.1,158300
ACB,20121204,12.8,79700
ACB,20121203,12.8,85000
ACB,20121130,12.7,85200
ACB,20121129,12.9,37600
ACB,20121128,12.9,75800
ACB,20121127,12.9,57600
ACB,20121126,12.9,93300
ACB,20121123,12.7,92400
ACB,20121122,12.9,79900
ACB,20121121,12.9,68000
ACB,20121120,13,55700
ACB,20121119,12.9,88600
ACB,20121116,13.1,105300
ACB,20121115,13.2,155800
ACB,20121114,13.3,149900
ACB,20121113,13.3,228600
ACB,20121112,13.3,148700
ACB,20121109,13.1,241100
ACB,20121108,13,85000
ACB,20121107,13.2,121200
ACB,20121106,12.8,89400
ACB,20121105,12.8,203800
ACB,20121102,12.7,795700
ACB,20121101,13.3,310200
ACB,20121031,13.4,300000
ACB,20121030,13.6,120900
ACB,20121029,13.9,537800
ACB,20121026,13.9,550300
ACB,20121025,14,844000
ACB,20121024,13.9,659900
ACB,20121023,13.8,696800
ACB,20121022,13.7,967700
ACB,20121019,13.8,1564600
ACB,20121018,14,1191600
ACB,20121017,14.1,665600
ACB,20121016,14.2,1351800
ACB,20121015,14,1528800
ACB,20121012,14.1,522200
ACB,20121011,14.2,2444200
ACB,20121010,14,1987500
ACB,20121009,14,2432500
ACB,20121008,14,1692900
ACB,20121005,13.9,699900
ACB,20121004,13.8,359600
ACB,20121003,13.9,709600
ACB,20121002,13.9,677300
ACB,20121001,14,1087100
ACB,20120928,14.4,883100
ACB,20120927,14.4,455700
ACB,20120926,14.6,665500
ACB,20120925,14.8,1092100
ACB,20120924,15.1,1761000
ACB,20120921,14.4,2269400
ACB,20120920,13.5,1998300
ACB,20120919,14,4103000
ACB,20120918,14.9,742700
ACB,20120917,16,740500
ACB,20120914,15.9,728300
ACB,20120913,15.5,631500
ACB,20120912,15.6,332700
ACB,20120911,15.7,456200
ACB,20120910,15.9,902000
ACB,20120907,16.9,716500
ACB,20120906,17.1,550800
ACB,20120905,17.3,758800
ACB,20120904,17.4,523200
ACB,20120831,17.4,563300
ACB,20120830,17.6,433300
ACB,20120829,17.6,734900
ACB,20120828,16.7,757900
ACB,20120827,17.7,924300
ACB,20120824,19.1,1633900
ACB,20120823,18.4,260600
ACB,20120822,19.7,688900
ACB,20120821,21.1,904600
ACB,20120820,22.7,87100
ACB,20120817,22.6,194000
ACB,20120816,22.6,71000
ACB,20120815,22.6,89800
ACB,20120814,22.6,154300
ACB,20120813,22.6,127800
ACB,20120810,22.6,65300
ACB,20120809,22.6,42800
ACB,20120808,22.6,151100
ACB,20120807,22.5,126800
ACB,20120806,22.6,222600
ACB,20120803,22.6,57800
ACB,20120802,22.6,295100
ACB,20120801,22.6,245700
ACB,20120731,22.6,79800
ACB,20120730,22.6,83500
ACB,20120727,22.6,291300
ACB,20120726,22.6,721300
ACB,20120725,22.6,89400
ACB,20120724,22.5,86200
ACB,20120723,22.6,177700
ACB,20120720,22.6,115900
ACB,20120719,22.6,70000
ACB,20120718,22.6,24700
ACB,20120717,22.6,95800
ACB,20120716,22.5,95900
ACB,20120713,22.4,391400
ACB,20120712,22.4,424600
ACB,20120711,22.5,365500
ACB,20120710,22.4,872200
ACB,20120709,22.5,1134500
ACB,20120706,22.6,172900
ACB,20120705,22.6,225500
ACB,20120704,22.5,250500
ACB,20120703,22.5,752300
ACB,20120702,22.5,141000
ACB,20120629,22.6,1184300
ACB,20120628,22.6,622500
ACB,20120627,22.6,560400
ACB,20120626,22.6,725600
ACB,20120625,22.5,283900
ACB,20120622,22.6,568200
ACB,20120621,22.6,711600
ACB,20120620,22.6,339300
ACB,20120619,22.6,402200
ACB,20120618,22.6,129000
ACB,20120615,22.5,180600
ACB,20120614,22.5,294900
ACB,20120613,22.6,289700
ACB,20120612,22.6,210500
ACB,20120611,22.6,166800
ACB,20120608,22.5,126100
ACB,20120607,22.7,53900
ACB,20120606,22.6,92400
ACB,20120605,22.6,253100
ACB,20120604,22.5,425900
ACB,20120601,22.6,81400
ACB,20120531,22.6,441000
ACB,20120530,22.7,56500
ACB,20120529,22.6,233300
ACB,20120528,22.6,172200
ACB,20120525,22.7,203500
ACB,20120524,22.5,609200
ACB,20120523,22.5,556100
ACB,20120522,22.5,242400
ACB,20120521,22.7,244900
ACB,20120518,22.2,1051500
ACB,20120517,22.6,659100
ACB,20120516,22.5,824500
ACB,20120515,22.5,877400
ACB,20120514,22.5,1015200
ACB,20120511,22.5,349000
ACB,20120510,22.7,581900
ACB,20120509,22.7,324000
ACB,20120508,22.7,858000
ACB,20120507,22.6,293600
ACB,20120504,22.4,315700
ACB,20120503,22.3,468700
ACB,20120502,22.3,263900
ACB,20120427,22.6,268900
ACB,20120426,22.5,307800
ACB,20120425,22.6,181600
ACB,20120424,22.6,152900
ACB,20120423,22.6,355200
ACB,20120420,22.4,657600
ACB,20120419,22.3,862500
ACB,20120418,22.6,1107200
ACB,20120417,23,759500
ACB,20120416,23.1,580500
ACB,20120413,23.1,718200
ACB,20120412,23.1,2167400
ACB,20120411,22.5,743400
ACB,20120410,22.1,513200
ACB,20120409,22.3,674100
ACB,20120406,22.2,948100
ACB,20120405,22.1,427200
ACB,20120404,21.8,309000
ACB,20120403,21.9,321500
ACB,20120330,21.6,784200
ACB,20120329,21.6,1103100
ACB,20120328,22,1161200
ACB,20120327,21.9,1317900
ACB,20120326,22.6,1228700
ACB,20120323,22.5,1402600
ACB,20120322,22.6,578600
ACB,20120321,22.6,1608000
ACB,20120320,22.6,862200
ACB,20120319,22,610200
ACB,20120316,22.2,817700
ACB,20120315,22,791100
ACB,20120314,21.5,493200
ACB,20120313,21.6,464500
ACB,20120312,20.9,845400
ACB,20120309,21.6,1298200
ACB,20120308,21.7,1550100
ACB,20120307,22.9,1469700
ACB,20120306,23.7,1911800
ACB,20120305,24.4,2220300
ACB,20120302,22.9,2678000
ACB,20120301,21.8,1927000
ACB,20120229,20.6,669400
ACB,20120228,20.2,831500
ACB,20120227,20.7,667700
ACB,20120224,20.1,995200
ACB,20120223,20.4,769300
ACB,20120222,20.4,577700
ACB,20120221,19.8,468700
ACB,20120220,20.1,850100
ACB,20120217,19,541000
ACB,20120216,18.7,507500
ACB,20120215,18.4,425300
ACB,20120214,19.1,498500
ACB,20120213,19.5,446900
ACB,20120210,20.4,393700
ACB,20120209,20.5,1153700
ACB,20120208,20.1,510700
ACB,20120207,19.7,607800
ACB,20120206,18.8,137900
ACB,20120203,18.8,216300
ACB,20120202,19.1,254600
ACB,20120201,18.5,154400
ACB,20120131,18.6,209100
ACB,20120130,18.3,91900
ACB,20120120,18,129500
ACB,20120119,17.9,137500
ACB,20120118,17.6,86600
ACB,20120117,17.6,215300
ACB,20120116,17.4,144000
ACB,20120113,17.2,83200
ACB,20120112,17.1,77400
ACB,20120111,17.1,158900
ACB,20120110,17.2,47300
ACB,20120109,17.1,123000
ACB,20120106,17.2,233100
ACB,20120105,17.3,344100
ACB,20120104,16.9,224200
ACB,20120103,16.7,27200
ACB,20111230,17.3,1495600
ACB,20111229,17.1,714600
ACB,20111228,17.2,1059600
ACB,20111227,17,583900
ACB,20111226,17,463700
ACB,20111223,16.9,214100
ACB,20111222,16.8,549400
ACB,20111221,17,527200
ACB,20111220,17.1,277800
ACB,20111219,16.9,166200
ACB,20111216,16.3,110300
ACB,20111215,16.1,262800
ACB,20111214,16.3,420200
ACB,20111213,16.3,167100
ACB,20111212,16.3,124500
ACB,20111209,16.4,318000
ACB,20111208,16.4,208300
ACB,20111207,16.2,201400
ACB,20111206,15.9,473300
ACB,20111205,15.9,111200
ACB,20111202,15.7,94300
ACB,20111201,15.7,144600
ACB,20111130,15.7,133200
ACB,20111129,15.9,130200
ACB,20111128,15.9,171600
ACB,20111125,15.9,128300
ACB,20111124,15.9,226400
ACB,20111123,16,241500
ACB,20111122,16.1,323000
ACB,20111121,16.1,254700
ACB,20111118,16.1,284200
ACB,20111117,16.1,1062900
ACB,20111116,16.2,452000
ACB,20111115,16.1,725400
ACB,20111114,15.9,253500
ACB,20111111,16,664100
ACB,20111110,16,355900
ACB,20111109,16,1222300
ACB,20111108,15.9,493800
ACB,20111107,15.9,604700
ACB,20111104,16.2,292800
ACB,20111103,16.3,691800
ACB,20111102,16.9,706500
ACB,20111101,17,250900
ACB,20111031,17.2,128200
ACB,20111028,17.2,173300
ACB,20111027,17,89700
ACB,20111026,17,115100
ACB,20111025,17,478200
ACB,20111024,17,412100
ACB,20111021,17.1,583800
ACB,20111020,17,245300
ACB,20111019,17,167600
ACB,20111018,17,205800
ACB,20111017,17,157700
ACB,20111014,17.1,1333600
ACB,20111013,17.1,874500
ACB,20111012,17.4,1170900
ACB,20111011,17.6,102400
ACB,20111010,17.4,58100
ACB,20111007,17.7,277700
ACB,20111006,17.4,55200
ACB,20111005,17.2,104600
ACB,20111004,17.3,381900
ACB,20111003,17.3,219700
ACB,20110930,17.2,359100
ACB,20110929,17.1,494800
ACB,20110928,17.2,437000
ACB,20110927,17.1,210000
ACB,20110926,17,192000
ACB,20110923,17.1,173400
ACB,20110922,17.3,156500
ACB,20110921,17.2,138500
ACB,20110920,17.1,143500
ACB,20110919,17.3,154300
ACB,20110916,17.1,178300
ACB,20110915,17.4,296500
ACB,20110914,17.8,213500
ACB,20110913,18.1,256500
ACB,20110912,18.1,235400
ACB,20110909,18.1,386200
ACB,20110908,18.6,654100
ACB,20110907,18.9,336400
ACB,20110906,18,307400
ACB,20110905,18.6,977300
ACB,20110901,18,692700
ACB,20110831,17,271600
ACB,20110830,16.9,264500
ACB,20110829,16.7,167700
ACB,20110826,16.7,109800
ACB,20110825,16.7,197500
ACB,20110824,16.7,111200
ACB,20110823,16.7,398200
ACB,20110822,16.7,385200
ACB,20110819,16.6,240900
ACB,20110818,16.7,263800
ACB,20110817,16.6,266500
ACB,20110816,16.6,384800
ACB,20110815,16.6,236700
ACB,20110812,16.6,242000
ACB,20110811,16.5,461100
ACB,20110810,16.6,296700
ACB,20110809,16.5,513200
ACB,20110808,16.6,282700
ACB,20110805,16.7,341600
ACB,20110804,16.7,212500
ACB,20110803,16.6,140300
ACB,20110802,16.6,790400
ACB,20110801,16.6,225800
ACB,20110729,16.7,598200
ACB,20110728,16.7,360300
ACB,20110727,16.7,348700
ACB,20110726,16.7,411500
ACB,20110725,16.7,847600
ACB,20110722,16.7,121800
ACB,20110721,16.7,429800
ACB,20110720,16.7,383300
ACB,20110719,16.7,470200
ACB,20110718,16.7,169200
ACB,20110715,16.7,460800
ACB,20110714,16.7,408200
ACB,20110713,16.7,266600
ACB,20110712,16.7,157900
ACB,20110711,16.7,209700
ACB,20110708,16.7,101900
ACB,20110707,16.7,141800
ACB,20110706,16.7,97900
ACB,20110705,16.7,123500
ACB,20110704,16.7,185700
ACB,20110701,16.6,416100
ACB,20110630,16.7,319900
ACB,20110629,16.6,199700
ACB,20110628,16.6,248100
ACB,20110627,16.6,561000
ACB,20110624,16.6,394600
ACB,20110623,16.6,966500
ACB,20110622,16.7,333500
ACB,20110621,16.7,350800
ACB,20110620,16.7,624600
ACB,20110617,16.7,503800
ACB,20110616,16.7,445200
ACB,20110615,16.5,538300
ACB,20110614,16.6,622300
ACB,20110613,16.6,421400
ACB,20110610,16.6,271500
ACB,20110609,16.5,193500
ACB,20110608,16.5,216600
ACB,20110607,16.7,493200
ACB,20110606,16.4,193600
ACB,20110603,16.6,380400
ACB,20110602,17,340500
ACB,20110601,16.7,462700
ACB,20110531,16.4,351100
ACB,20110530,16.3,432600
ACB,20110527,16.3,344400
ACB,20110526,16.7,414000
ACB,20110525,16.3,662700
ACB,20110524,16.9,812300
ACB,20110523,17.1,521800
ACB,20110520,17.2,525100
ACB,20110519,17.4,502000
ACB,20110518,17.4,301500
ACB,20110517,17.4,84800
ACB,20110516,17.5,214100
ACB,20110513,17.5,445600
ACB,20110512,17.4,101700
ACB,20110511,17.5,225900
ACB,20110510,17.4,85000
ACB,20110509,17.4,289100
ACB,20110506,17.4,157200
ACB,20110505,17.4,134100
ACB,20110504,17.3,130700
ACB,20110429,17.3,438700
ACB,20110428,17.3,257100
ACB,20110427,17.4,661500
ACB,20110426,17.4,317900
ACB,20110425,17.4,496700
ACB,20110422,17.7,334400
ACB,20110421,17.8,241400
ACB,20110420,17.8,364000
ACB,20110419,17.8,156500
ACB,20110418,17.8,885400
ACB,20110415,17.8,158900
ACB,20110414,17.8,443000
ACB,20110413,17.7,258800
ACB,20110408,17.8,339000
ACB,20110407,17.8,425600
ACB,20110406,17.8,218900
ACB,20110405,17.7,517100
ACB,20110404,17.7,808300
ACB,20110401,17.8,436600
ACB,20110331,17.7,224700
ACB,20110330,17.7,319400
ACB,20110329,17.7,590400
ACB,20110328,17.7,333600
ACB,20110325,17.7,396300
ACB,20110324,17.6,235600
ACB,20110323,17.7,332000
ACB,20110322,17.6,387800
ACB,20110321,17.7,571800
ACB,20110318,17.7,600600
ACB,20110317,17.3,579900
ACB,20110316,17.4,465700
ACB,20110315,17.4,528400
ACB,20110314,17.5,645500
ACB,20110311,17.8,529200
ACB,20110310,17.7,445100
ACB,20110309,17.4,514100
ACB,20110308,17.4,251800
ACB,20110307,17.2,108400
ACB,20110304,17.5,517600
ACB,20110303,17,451200
ACB,20110302,16.8,654400
ACB,20110301,17.3,229500
ACB,20110228,17.3,261900
ACB,20110225,17.4,272300
ACB,20110224,17.2,640800
ACB,20110223,17.3,483100
ACB,20110222,17.2,408200
ACB,20110221,17,983000
ACB,20110218,18.2,543300
ACB,20110217,18.3,179600
ACB,20110216,18.5,229900
ACB,20110215,18.7,218800
ACB,20110214,18.9,273500
ACB,20110211,19,221800
ACB,20110210,18.9,291700
ACB,20110209,19.1,317000
ACB,20110208,19,71900
ACB,20110128,18.8,328200
ACB,20110127,18.9,252000
ACB,20110126,18.9,159800
ACB,20110125,18.7,214100
ACB,20110124,19,410900
ACB,20110121,19.2,717300
ACB,20110120,18.5,124100
ACB,20110119,18.3,154900
ACB,20110118,18.4,146200
ACB,20110117,18.6,213100
ACB,20110114,18.5,168200
ACB,20110113,18.5,219600
ACB,20110112,18.4,157100
ACB,20110111,18.2,386200
ACB,20110110,18.7,266600
ACB,20110107,19,205300
ACB,20110106,19.3,173500
ACB,20110105,19.1,343000
ACB,20110104,19.5,172900
ACB,20101231,20.2,675000
ACB,20101230,19.4,268300
ACB,20101229,19.5,352300
ACB,20101228,19.7,339300
ACB,20101227,19.2,315700
ACB,20101224,19.2,393000
ACB,20101223,19.2,625100
ACB,20101222,19.8,550700
ACB,20101221,19.8,839600
ACB,20101220,20.3,1004200
ACB,20101217,21.2,1035800
ACB,20101216,20.9,1072700
ACB,20101215,22.6,2001600
ACB,20101214,21,3073500
ACB,20101213,20.1,636700
ACB,20101210,19.1,1013900
ACB,20101209,18.4,543800
ACB,20101208,18.1,1015700
ACB,20101207,18.5,1317100
ACB,20101206,18.6,1469500
ACB,20101203,18.6,1323800
ACB,20101202,17.7,608300
ACB,20101201,17.2,632100
ACB,20101130,17.3,1306800
ACB,20101129,16.5,394100
ACB,20101126,16.4,267200
ACB,20101125,16.4,611200
ACB,20101124,16.3,747400
ACB,20101123,16.1,1011300
ACB,20101122,15.9,1003000
ACB,20101119,15.9,489100
ACB,20101118,16,494600
ACB,20101117,15.8,364400
ACB,20101116,16.1,545400
ACB,20101115,16,265000
ACB,20101112,16.4,625500
ACB,20101111,16.9,72800
ACB,20101110,17.4,156600
ACB,20101109,17.4,697800
ACB,20101108,17.6,308800
ACB,20101105,17.8,442100
ACB,20101104,17.5,365600
ACB,20101103,17.5,473600
ACB,20101102,17.5,358000
ACB,20101101,17.5,249800
ACB,20101029,17.6,322600
ACB,20101028,17,60200
ACB,20101027,17.2,74100
ACB,20101026,17.4,158300
ACB,20101025,17.2,86100
ACB,20101022,17.4,21900
ACB,20101021,17.6,73400
ACB,20101020,17.2,97900
ACB,20101019,17.9,79800
ACB,20101018,18,36400
ACB,20101015,18.1,82600
ACB,20101014,18.3,65700
ACB,20101013,18.1,104900
ACB,20101012,18.2,107600
ACB,20101011,18.3,114300
ACB,20101008,18.3,125600
ACB,20101007,18.4,109200
ACB,20101006,18.5,136400
ACB,20101005,18.4,166100
ACB,20101004,18.1,104300
ACB,20101001,18.7,263900
ACB,20100930,18.7,379200
ACB,20100929,18.6,163600
ACB,20100928,18.7,182700
ACB,20100927,18.7,397500
ACB,20100924,18.7,539300
ACB,20100923,18.7,333800
ACB,20100922,18.6,383700
ACB,20100921,18.5,269300
ACB,20100920,18.5,228900
ACB,20100917,18.5,363900
ACB,20100916,18.4,281400
ACB,20100915,18.3,420000
ACB,20100914,18.3,165700
ACB,20100913,18.2,287300
ACB,20100910,18.3,114200
ACB,20100909,18.7,305900
ACB,20100908,18.2,125900
ACB,20100907,18.5,237700
ACB,20100906,18.9,209300
ACB,20100901,18.5,164600
ACB,20100831,18.5,171600
ACB,20100830,18.5,264200
ACB,20100827,17.8,163300
ACB,20100826,17.8,137500
ACB,20100825,17.7,360200
ACB,20100824,18.2,812300
ACB,20100823,18.3,131600
ACB,20100820,18.5,165200
ACB,20100819,18.5,137600
ACB,20100818,18.5,247500
ACB,20100817,18.8,153000
ACB,20100816,18.9,280600
ACB,20100813,18.5,310800
ACB,20100812,18.2,566300
ACB,20100811,18.7,471100
ACB,20100810,18.8,444600
ACB,20100809,19.3,683300
ACB,20100806,19.1,241300
ACB,20100805,19.4,156600
ACB,20100804,19.5,330100
ACB,20100803,19.7,515300
ACB,20100802,19.7,292500
ACB,20100730,19.7,535600
ACB,20100729,19.8,327200
ACB,20100728,19.8,211800
ACB,20100727,19.9,572300
ACB,20100726,19.9,327000
ACB,20100723,19.9,269600
ACB,20100722,20.1,293000
ACB,20100721,20.2,388500
ACB,20100720,20.1,535100
ACB,20100719,20.5,278500
ACB,20100716,20.6,381100
ACB,20100715,20.6,485500
ACB,20100714,20.7,808000
ACB,20100713,20.3,405300
ACB,20100712,20,245000
ACB,20100709,20,167300
ACB,20100708,20,246200
ACB,20100707,19.9,148000
ACB,20100706,20,452300
ACB,20100705,20,637600
ACB,20100702,20,588500
ACB,20100701,20,365100
ACB,20100630,20,588000
ACB,20100629,20.1,428000
ACB,20100628,20,399900
ACB,20100625,19.9,296700
ACB,20100624,20,338500
ACB,20100623,20,339900
ACB,20100622,20,399700
ACB,20100621,20,235000
ACB,20100618,20,378500
ACB,20100617,20,218800
ACB,20100616,20,417400
ACB,20100615,20,455200
ACB,20100614,20,176600
ACB,20100611,20.1,288000
ACB,20100610,20,247600
ACB,20100609,20,199600
ACB,20100608,20.1,358400
ACB,20100607,19.9,246800
ACB,20100604,20.5,405000
ACB,20100603,20.6,458600
ACB,20100602,20.6,500800
ACB,20100601,20.6,227700
ACB,20100531,20.6,210800
ACB,20100528,20.7,476600
ACB,20100527,20.5,518000
ACB,20100526,20.6,548700
ACB,20100525,20.4,857400
ACB,20100524,20.6,961500
ACB,20100521,20.7,1369600
ACB,20100520,21.4,701000
ACB,20100519,21.4,1287200
ACB,20100518,21.6,944100
ACB,20100517,21.5,1088800
ACB,20100514,21.6,729900
ACB,20100513,21.6,746000
ACB,20100512,21.6,1433700
ACB,20100511,21.9,1309500
ACB,20100510,21.9,1251200
ACB,20100507,22.2,761100
ACB,20100506,22.5,497900
ACB,20100505,22.7,503500
ACB,20100504,23.1,1551000
ACB,20100429,22.1,1688600
ACB,20100428,21.9,806800
ACB,20100427,22.2,324600
ACB,20100426,22.3,518100
ACB,20100422,22.6,982200
ACB,20100421,22,721700
ACB,20100420,21.8,775800
ACB,20100419,22,792500
ACB,20100416,22.2,753646
ACB,20100415,22.3,866000
ACB,20100414,22,1417800
ACB,20100413,22.3,652500
ACB,20100412,22.5,729900
ACB,20100409,22.7,797700
ACB,20100408,22.7,453500
ACB,20100407,22.7,366200
ACB,20100406,22.8,513600
ACB,20100405,22.8,362300
ACB,20100402,22.7,522800
ACB,20100401,22.9,716900
ACB,20100331,22.5,597600
ACB,20100330,22.9,1192300
ACB,20100329,22.7,840200
ACB,20100326,22.8,1165900
ACB,20100325,22.9,1398600
ACB,20100324,22.9,1091489
ACB,20100323,22.9,1404400
ACB,20100322,22.9,973800
ACB,20100319,22.9,885400
ACB,20100318,23,834500
ACB,20100317,22.9,1043305
ACB,20100316,22.9,815800
ACB,20100315,22.9,988300
ACB,20100312,23.1,743100
ACB,20100311,22.9,648600
ACB,20100310,23.1,919900
ACB,20100309,23.2,720800
ACB,20100308,23.3,680200
ACB,20100305,23.3,589400
ACB,20100304,23.3,831700
ACB,20100303,23.5,857900
ACB,20100302,23.1,913700
ACB,20100301,23.4,872400
ACB,20100226,23,1240500
ACB,20100225,22.3,453700
ACB,20100224,22.4,447900
ACB,20100223,22.4,218700
ACB,20100222,23,402200
ACB,20100212,22.6,455500
ACB,20100211,22.6,658300
ACB,20100210,22.1,369100
ACB,20100209,22,393300
ACB,20100208,22.4,686500
ACB,20100205,22,548700
ACB,20100204,22.4,716485
ACB,20100203,22.1,662000
ACB,20100202,22.1,750200
ACB,20100201,22.1,654100
ACB,20100129,22.1,1289800
ACB,20100128,22.1,867800
ACB,20100127,22.3,409900
ACB,20100126,23,908700
ACB,20100125,22.1,1415400
ACB,20100122,22.2,888100
ACB,20100121,21.9,1516200
ACB,20100120,22.4,416300
ACB,20100119,22.8,576042
ACB,20100118,22.6,872900
ACB,20100115,23.3,383800
ACB,20100114,23.6,679500
ACB,20100113,23.6,1390700
ACB,20100112,23.3,1239200
ACB,20100111,23.9,786800
ACB,20100108,24,1461300
ACB,20100107,24.2,1462000
ACB,20100106,24.2,1413300
ACB,20100105,24.9,2159200
ACB,20100104,24.9,2765900
ACB,20091231,23.4,1659400
ACB,20091230,23.3,932900
ACB,20091229,22.9,791700
ACB,20091228,23.1,2741267
ACB,20091225,23.8,998400
ACB,20091224,23.5,1249800
ACB,20091223,23.5,799400
ACB,20091222,23.5,1150600
ACB,20091221,24.2,1289700
ACB,20091218,23.7,1649900
ACB,20091217,23.2,1253500
ACB,20091216,22.5,1084600
ACB,20091215,23.3,1388700
ACB,20091214,23.5,2060400
ACB,20091211,22.1,1798900
ACB,20091210,22,2333300
ACB,20091209,21.9,1418700
ACB,20091208,22.6,1097421
ACB,20091207,23.3,1066200
ACB,20091204,23.3,1070000
ACB,20091203,23.3,2732200
ACB,20091202,23.4,2892600
ACB,20091201,24.5,970200
ACB,20091130,23.1,1421000
ACB,20091127,22.3,3345800
ACB,20091126,21.2,2090300
ACB,20091125,22.6,2560500
ACB,20091124,24,795400
ACB,20091123,24.5,831400
ACB,20091120,25.1,728000
ACB,20091119,25.3,1104700
ACB,20091118,25.3,1168700
ACB,20091117,25.3,822300
ACB,20091116,25.4,1245200
ACB,20091113,25.6,1350300
ACB,20091112,25.9,1414400
ACB,20091111,25.9,1735600
ACB,20091110,25.4,1857000
ACB,20091109,25.7,1750900
ACB,20091106,26.5,1450900
ACB,20091105,26.8,1823600
ACB,20091104,26.5,2311700
ACB,20091103,26.3,2951800
ACB,20091102,26.7,3502100
ACB,20091030,28,2160600
ACB,20091029,27.8,3719500
ACB,20091028,28.6,1955300
ACB,20091027,28.9,3364500
ACB,20091026,29.2,4118100
ACB,20091023,30.3,8973000
ACB,20091022,29.9,6196500
ACB,20091021,30.1,3712500
ACB,20091020,28.8,1626400
ACB,20091019,28.8,1639000
ACB,20091016,28.8,1904900
ACB,20091015,29.8,5108100
ACB,20091014,29,2647000
ACB,20091013,27.8,1141300
ACB,20091012,28.3,1465100
ACB,20091009,27.9,1612600
ACB,20091008,27.6,737200
ACB,20091007,27.6,930300
ACB,20091006,27.3,1050500
ACB,20091005,27.4,1291200
ACB,20091002,27.8,2491700
ACB,20091001,28.4,1800300
ACB,20090930,28.8,1169400
ACB,20090929,29,1488300
ACB,20090928,29.3,1843500
ACB,20090925,29,2273600
ACB,20090924,28.6,1094900
ACB,20090923,28.8,1840200
ACB,20090922,28.6,1955800
ACB,20090921,28.8,1682300
ACB,20090918,29.3,1761200
ACB,20090917,29.6,2378200
ACB,20090916,30.1,4926700
ACB,20090915,28.8,1635800
ACB,20090914,28.5,1462900
ACB,20090911,28.5,1130100
ACB,20090910,28.5,1515600
ACB,20090909,28.5,932900
ACB,20090908,28.8,1051600
ACB,20090907,28.6,1575500
ACB,20090904,28.9,2106300
ACB,20090903,29.2,1398600
ACB,20090901,29.6,2091500
ACB,20090831,29.8,2932200
ACB,20090828,29.3,3390200
ACB,20090827,29,2648400
ACB,20090826,29.3,1480300
ACB,20090825,29.5,2123100
ACB,20090824,29.8,2408000
ACB,20090821,29.5,3324500
ACB,20090820,29.2,2052500
ACB,20090819,29.2,1359200
ACB,20090818,29,1495800
ACB,20090817,29.2,1443100
ACB,20090814,29.6,1785300
ACB,20090813,29.6,2683300
ACB,20090812,29.1,2113200
ACB,20090811,29.1,1789400
ACB,20090810,29.1,1963600
ACB,20090807,29,1214800
ACB,20090806,29,2392600
ACB,20090805,29.1,2195700
ACB,20090804,29.3,2035800
ACB,20090803,28.9,1510700
ACB,20090731,29.2,2474100
ACB,20090730,28.2,2421200
ACB,20090729,28.7,2765200
ACB,20090728,29.4,2543400
ACB,20090727,30.9,6261600
ACB,20090724,29.7,1859100
ACB,20090723,28.2,3157900
ACB,20090722,26.8,1629900
ACB,20090721,27,1692600
ACB,20090720,26.7,2430800
ACB,20090717,28,1610100
ACB,20090716,28.3,1567800
ACB,20090715,28.2,1728400
ACB,20090714,27.9,2628300
ACB,20090713,28,2406300
ACB,20090710,29.1,2282400
ACB,20090709,29.5,1653000
ACB,20090708,29.9,1763800
ACB,20090707,30.1,2109000
ACB,20090706,30.6,2613700
ACB,20090703,29.5,2290700
ACB,20090702,29.8,3607800
ACB,20090701,28.9,4469900
ACB,20090630,30.4,4349500
ACB,20090629,30.8,2113200
ACB,20090626,30.7,3007800
ACB,20090625,30.3,4221800
ACB,20090624,29.8,2366500
ACB,20090623,27.7,5630300
ACB,20090622,29.5,5156500
ACB,20090619,31.4,4104400
ACB,20090618,31.9,4329900
ACB,20090617,31.3,7191400
ACB,20090616,31.1,4448900
ACB,20090615,33.2,8127800
ACB,20090612,35.2,8193300
ACB,20090611,35.1,6930200
ACB,20090610,33.2,10494800
ACB,20090609,34,12351400
ACB,20090608,31.8,3123200
ACB,20090605,29.7,8030000
ACB,20090604,27.8,5967900
ACB,20090603,27.1,2484400
ACB,20090602,27.6,5429000
ACB,20090601,27.1,3282500
ACB,20090529,26.2,2993000
ACB,20090528,25.7,3044100
ACB,20090527,26.6,3247100
ACB,20090526,27,3110000
ACB,20090525,27.5,4977600
ACB,20090522,26.2,3997500
ACB,20090521,26.7,4940300
ACB,20090520,27.3,4898200
ACB,20090519,27.9,5117300
ACB,20090518,27,4686400
ACB,20090515,26.6,4264500
ACB,20090514,25.4,4010300
ACB,20090513,25.6,5081800
ACB,20090512,26.3,4329800
ACB,20090511,26.3,4787100
ACB,20090508,26.7,4621700
ACB,20090507,27.1,9313600
ACB,20090506,25,8416000
ACB,20090505,25.6,2264900
ACB,20090504,23.9,330000
ACB,20090429,22.6,2938600
ACB,20090428,22.1,2317200
ACB,20090427,21.5,1979700
ACB,20090424,21.5,2839900
ACB,20090423,22.3,2412100
ACB,20090422,22.8,5480200
ACB,20090421,21.3,4074100
ACB,20090420,22.9,1307900
ACB,20090417,24.2,5233200
ACB,20090416,25.7,5768300
ACB,20090415,25.1,8410800
ACB,20090414,25.6,7761900
ACB,20090413,23.9,782400
ACB,20090410,22.4,2064100
ACB,20090409,21,3867700
ACB,20090408,20.2,6205600
ACB,20090407,21,3772200
ACB,20090403,19.9,5193700
ACB,20090402,18.6,2515500
ACB,20090401,18.3,1854800
ACB,20090331,17.8,1627000
ACB,20090330,17.7,2001800
ACB,20090327,18.2,3245700
ACB,20090326,18.5,2033700
ACB,20090325,18.2,2844000
ACB,20090324,18.2,3437700
ACB,20090323,17,1661100
ACB,20090320,17.4,1905000
ACB,20090319,17.6,3838900
ACB,20090318,18.1,2519600
ACB,20090317,17.2,2962100
ACB,20090316,16.3,1175500
ACB,20090313,16.1,858800
ACB,20090312,15.8,1652700
ACB,20090311,16.4,2273200
ACB,20090310,15.7,1507700
ACB,20090309,15.3,1254500
ACB,20090306,15,1234200
ACB,20090305,14.9,1348500
ACB,20090304,14.3,574100
ACB,20090303,14.2,1208700
ACB,20090302,14.8,648600
ACB,20090227,14.9,1174800
ACB,20090226,14.6,1941600
ACB,20090225,14.3,1429200
ACB,20090224,13.5,1233300
ACB,20090223,13.7,1100300
ACB,20090220,14.5,610300
ACB,20090219,14.5,1107200
ACB,20090218,14.3,1039200
ACB,20090217,14.9,987400
ACB,20090216,15.2,402600
ACB,20090213,15.4,478800
ACB,20090212,15.5,333600
ACB,20090211,15.4,397100
ACB,20090210,15.6,437200
ACB,20090209,16.1,559000
ACB,20090206,15.5,741800
ACB,20090205,15.2,679700
ACB,20090204,15.9,521600
ACB,20090203,16,907700
ACB,20090202,16.4,509700
ACB,20090123,16.7,270900
ACB,20090122,16.6,140900
ACB,20090121,16.5,359800
ACB,20090120,16.5,405400
ACB,20090119,16.5,408000
ACB,20090116,16.6,351400
ACB,20090115,16.5,375300
ACB,20090114,16.6,583400
ACB,20090113,16.7,626800
ACB,20090112,16.8,453300
ACB,20090109,16.9,433800
ACB,20090108,16.9,612500
ACB,20090107,17.1,1179700
ACB,20090106,16.9,778600
ACB,20090105,16.5,585200
ACB,20090102,16.4,302200
ACB,20081231,16.5,733100
ACB,20081230,16.5,585200
ACB,20081229,16.4,526600
ACB,20081226,16.5,831000
ACB,20081225,16.5,845900
ACB,20081224,16.6,777100
ACB,20081223,16.9,870700
ACB,20081222,17.2,705900
ACB,20081219,17.3,1051800
ACB,20081218,17.4,981200
ACB,20081217,17.4,1234200
ACB,20081216,17.1,1050400
ACB,20081215,18.2,2001700
ACB,20081212,17.4,1606600
ACB,20081211,16.7,1019000
ACB,20081210,16.6,827400
ACB,20081209,17.2,1101200
ACB,20081208,16.7,1424700
ACB,20081205,17.7,1164600
ACB,20081204,18.3,1804900
ACB,20081203,17.6,1193700
ACB,20081202,17.7,868200
ACB,20081201,18.1,889700
ACB,20081128,18.5,1910900
ACB,20081127,17.3,988300
ACB,20081126,17.5,1410200
ACB,20081125,18.6,882500
ACB,20081124,18.5,774100
ACB,20081121,18.5,1028400
ACB,20081120,18.5,1205800
ACB,20081119,19.3,1418300
ACB,20081118,19.3,2618400
ACB,20081117,18.2,661000
ACB,20081114,18.5,1010900
ACB,20081113,18,1161200
ACB,20081112,17.7,1656800
ACB,20081111,17.1,1295000
ACB,20081110,17.9,1299900
ACB,20081107,17.4,1268700
ACB,20081106,18.5,1931000
ACB,20081105,19.3,1871700
ACB,20081104,18.3,1052300
ACB,20081103,17.6,813400
ACB,20081031,18.1,1007900
ACB,20081030,17.3,1258000
ACB,20081029,16.3,1298300
ACB,20081028,15.9,1094900
ACB,20081027,15.5,1284400
ACB,20081024,16.5,605500
ACB,20081023,16.9,741300
ACB,20081022,18,392600
ACB,20081021,18.7,1253300
ACB,20081020,17.7,381500
ACB,20081017,18,485900
ACB,20081016,17.8,862400
ACB,20081015,18.9,1400300
ACB,20081014,18,42000
ACB,20081013,16.8,454400
ACB,20081010,16.6,1091500
ACB,20081009,18.1,923400
ACB,20081008,17.5,1382300
ACB,20081007,18.7,775500
ACB,20081006,19.9,990300
ACB,20081003,21.4,509300
ACB,20081002,21.6,800300
ACB,20081001,21.1,984700
ACB,20080930,20.8,83400
ACB,20080929,22,804000
ACB,20080926,22.9,1221900
ACB,20080925,22.2,891400
ACB,20080924,21.5,621500
ACB,20080923,21.8,2415100
ACB,20080922,21.5,269600
ACB,20080919,20.6,637700
ACB,20080918,19.3,468900
ACB,20080917,20.4,1447100
ACB,20080916,22.3,1372000
ACB,20080915,23.4,1389100
ACB,20080912,21.8,1226900
ACB,20080911,23.2,2408200
ACB,20080910,23,998700
ACB,20080909,23.2,946300
ACB,20080908,23.7,1421000
ACB,20080905,24.9,2027500
ACB,20080904,26.3,2168700
ACB,20080903,25.9,62200
ACB,20080829,25.1,2203200
ACB,20080828,24.7,1086900
ACB,20080827,25.5,3215400
ACB,20080826,25.4,268800
ACB,20080825,23.9,646700
ACB,20080822,22.6,1142200
ACB,20080821,22.3,1935200
ACB,20080820,20.4,2048600
ACB,20080819,21.5,2768800
ACB,20080818,20.6,1428200
ACB,20080815,19.3,132500
ACB,20080814,18.6,758700
ACB,20080813,18.1,1593600
ACB,20080812,17.4,1880100
ACB,20080811,16.8,124400
ACB,20080808,16.3,1088500
ACB,20080807,15.5,882300
ACB,20080806,15.6,1339800
ACB,20080805,15,143400
ACB,20080804,15.6,460100
ACB,20080801,16.1,900100
ACB,20080731,16.5,989900
ACB,20080730,16.6,1899200
ACB,20080729,16.1,282900
ACB,20080728,16.2,1921400
ACB,20080725,15.6,753200
ACB,20080724,15.8,1934600
ACB,20080723,16.5,95400
ACB,20080722,17.2,3100
ACB,20080721,17.5,794600
ACB,20080718,17.6,2576300
ACB,20080717,18,119500
ACB,20080716,17.5,2611000
ACB,20080715,16.8,75700
ACB,20080714,16.2,219400
ACB,20080711,15.6,457600
ACB,20080710,15,756700
ACB,20080709,14.6,1210600
ACB,20080708,14.3,1161100
ACB,20080707,14,1222300
ACB,20080704,14.3,823900
ACB,20080703,13.8,332400
ACB,20080702,13.3,785900
ACB,20080701,12.9,270400
ACB,20080630,12.6,398800
ACB,20080627,12.5,488700
ACB,20080626,12.3,779200
ACB,20080625,11.9,479000
ACB,20080624,11.5,314100
ACB,20080623,11.5,947400
ACB,20080620,11.1,46300
ACB,20080619,11.6,33200
ACB,20080618,11.5,1113200
ACB,20080617,11.9,95800
ACB,20080616,11.5,159600
ACB,20080613,11.2,110900
ACB,20080612,10.9,311600
ACB,20080611,10.7,757500
ACB,20080610,10.5,640200
ACB,20080609,10.7,18200
ACB,20080606,11.1,25700
ACB,20080605,11.4,11300
ACB,20080604,11.7,140500
ACB,20080603,12.1,350500
ACB,20080602,12.4,512300
ACB,20080530,12.9,573100
ACB,20080529,13.1,401500
ACB,20080528,13.1,1041000
ACB,20080527,13.4,71100
ACB,20080526,13.8,1400
ACB,20080523,14.2,10100
ACB,20080522,14.7,3800
ACB,20080521,15.1,196800
ACB,20080520,15.6,13800
ACB,20080519,16,64500
ACB,20080516,16.4,534900
ACB,20080515,16.9,119400
ACB,20080514,17.4,6200
ACB,20080513,17.9,9700
ACB,20080512,18.5,32800
ACB,20080509,19,222900
ACB,20080508,19.6,28200
ACB,20080507,20.2,89700
ACB,20080506,20.8,157800
ACB,20080505,21.4,232500
ACB,20080429,21.8,158700
ACB,20080428,22.1,341200
ACB,20080425,21.7,210900
ACB,20080424,21.2,542700
ACB,20080423,21.6,216600
ACB,20080422,22.3,286100
ACB,20080421,22.9,309400
ACB,20080418,23.6,216700
ACB,20080417,24.4,610700
ACB,20080416,23.9,74000
ACB,20080411,24.6,37600
ACB,20080410,25.4,61800
ACB,20080409,26.1,337900
ACB,20080408,26.7,983700
ACB,20080407,27,98600
ACB,20080404,26.2,6200
ACB,20080403,25.7,16500
ACB,20080402,25.2,6400
ACB,20080401,24.7,7900
ACB,20080331,24.3,14100
ACB,20080328,23.8,4200
ACB,20080327,23.3,17800
ACB,20080326,23.5,879500
ACB,20080325,21.3,948200
ACB,20080324,23.1,1038700
ACB,20080321,25.5,692600
ACB,20080320,25.3,434800
ACB,20080319,25.7,442500
ACB,20080318,24.8,649800
ACB,20080317,26.9,492400
ACB,20080314,28.6,324200
ACB,20080313,28.7,215200
ACB,20080312,28.1,537000
ACB,20080311,27.4,463700
ACB,20080310,29.4,1112100
ACB,20080307,28.5,92200
ACB,20080306,26,106700
ACB,20080305,23.6,852300
ACB,20080304,24.4,736700
ACB,20080303,26.8,406300
ACB,20080229,27.9,274600
ACB,20080228,28.1,371700
ACB,20080227,27.9,449600
ACB,20080226,28.1,431800
ACB,20080225,29.7,349400
ACB,20080222,28.6,974400
ACB,20080221,28.5,312700
ACB,20080220,31.3,377200
ACB,20080219,32.7,366100
ACB,20080218,33.1,350400
ACB,20080215,34.6,89700
ACB,20080214,35.1,131900
ACB,20080213,34.7,103400
ACB,20080212,35.1,137200
ACB,20080201,36,315300
ACB,20080131,35.8,244700
ACB,20080130,36.2,390200
ACB,20080129,34.3,314700
ACB,20080128,33.8,220800
ACB,20080125,33.4,261900
ACB,20080124,33.1,239000
ACB,20080123,33.4,337500
ACB,20080122,33.9,163700
ACB,20080121,34.4,144000
ACB,20080118,34.9,193100
ACB,20080117,34.2,338800
ACB,20080116,35.1,533100
ACB,20080115,32.3,343500
ACB,20080114,33.7,260400
ACB,20080111,34.8,171900
ACB,20080110,35.1,250800
ACB,20080109,35.1,172400
ACB,20080108,35.6,179800
ACB,20080107,35.2,242800
ACB,20080104,36.5,159800
ACB,20080103,36.8,208200
ACB,20080102,38.1,551100
ACB,20071228,43.1,539100
ACB,20071227,43.4,527700
ACB,20071226,44.1,161600
ACB,20071225,44,230800
ACB,20071224,44.6,213200
ACB,20071221,43.9,175400
ACB,20071220,43.4,150700
ACB,20071219,44.4,265800
ACB,20071218,43.1,266400
ACB,20071217,43.1,234600
ACB,20071214,43.2,164000
ACB,20071213,43.3,204600
ACB,20071212,43.8,413500
ACB,20071211,44,189200
ACB,20071210,44.7,268000
ACB,20071207,45.8,217200
ACB,20071206,46,154700
ACB,20071205,46.3,181100
ACB,20071204,46.6,354900
ACB,20071203,46.4,230500
ACB,20071130,46,169900
ACB,20071129,46.2,250700
ACB,20071128,45.9,262700
ACB,20071127,46.1,306500
ACB,20071126,46.8,395400
ACB,20071123,45.8,287600
ACB,20071122,45.5,460900
ACB,20071121,44.5,253000
ACB,20071120,44.3,288700
ACB,20071119,44.5,163700
ACB,20071116,44.4,230000
ACB,20071115,44.4,202200
ACB,20071114,44.7,405900
ACB,20071113,39.7,426000
ACB,20071112,43.1,304500
ACB,20071109,44.9,340300
ACB,20071108,45.6,206800
ACB,20071107,45.9,267300
ACB,20071106,45.6,259900
ACB,20071105,46.5,239300
ACB,20071102,48.1,346600
ACB,20071101,49.9,778000
ACB,20071031,48.6,807400
ACB,20071030,44.4,503800
ACB,20071029,44.1,302500
ACB,20071026,43.9,261800
ACB,20071025,43.2,193300
ACB,20071024,43.2,200700
ACB,20071023,42.8,216800
ACB,20071022,44.1,222100
ACB,20071019,44.4,267400
ACB,20071018,43.6,199400
ACB,20071017,44.1,344000
ACB,20071016,44.9,252700
ACB,20071015,45.2,264900
ACB,20071012,45.1,275800
ACB,20071011,45.2,176300
ACB,20071010,45.5,177700
ACB,20071009,45.3,518300
ACB,20071008,43.5,406500
ACB,20071005,42,212100
ACB,20071004,42.6,214500
ACB,20071003,43.2,255500
ACB,20071002,43.1,436500
ACB,20071001,43.7,510700
ACB,20070928,40.5,371800
ACB,20070927,38.5,258700
ACB,20070926,38.5,283100
ACB,20070925,39,376800
ACB,20070924,38,286900
ACB,20070921,35.4,250300
ACB,20070920,36,335300
ACB,20070919,37.3,413600
ACB,20070918,35.4,351800
ACB,20070917,32.9,227200
ACB,20070914,31.8,88100
ACB,20070913,31.5,86300
ACB,20070912,31.4,86300
ACB,20070911,31.4,89800
ACB,20070910,31.4,105800
ACB,20070907,31.4,119700
ACB,20070906,31.5,102300
ACB,20070905,31.6,201500
ACB,20070904,32.1,98600
ACB,20070831,31.3,92900
ACB,20070830,31.1,114400
ACB,20070829,31,97400
ACB,20070828,30.9,91200
ACB,20070827,31,106600
ACB,20070824,31.1,119000
ACB,20070823,30.7,155300
ACB,20070822,30.7,149100
ACB,20070821,30.6,119400
ACB,20070820,30.6,70700
ACB,20070817,30.8,149100
ACB,20070816,31,145500
ACB,20070815,31,147300
ACB,20070814,30.8,80600
ACB,20070813,30.9,62400
ACB,20070810,31.1,121400
ACB,20070809,31.3,98400
ACB,20070808,30.7,72500
ACB,20070807,30.5,149800
ACB,20070806,30.4,93400
ACB,20070803,30.7,113100
ACB,20070802,31,143900
ACB,20070801,31.4,88200
ACB,20070731,30.3,87500
ACB,20070730,30.6,65400
ACB,20070727,31,140200
ACB,20070726,31,116800
ACB,20070725,31.3,123400
ACB,20070724,31.7,70000
ACB,20070723,32.1,82700
ACB,20070720,32.2,142800
ACB,20070719,32.4,91500
ACB,20070718,32.6,107400
ACB,20070717,32.6,95800
ACB,20070716,32,144800
ACB,20070713,33.4,127500
ACB,20070712,32.7,152900
ACB,20070711,33.8,226600
ACB,20070710,33.6,185700
ACB,20070709,31.5,135800
ACB,20070706,31.6,151600
ACB,20070705,31.4,258800
ACB,20070704,31.7,395700
ACB,20070703,29.4,304100
ACB,20070702,30,258200
ACB,20070629,33.2,131200
ACB,20070628,35.1,53600
ACB,20070627,35.8,53400
ACB,20070626,35.9,212200
ACB,20070625,36,113900
ACB,20070622,36.9,125700
ACB,20070621,36.8,125500
ACB,20070620,38.4,52400
ACB,20070619,39.3,116100
ACB,20070618,39.5,88700
ACB,20070615,38.9,111500
ACB,20070614,37.3,160500
ACB,20070613,36.2,201800
ACB,20070612,37,154400
ACB,20070611,38.4,64300
ACB,20070608,40.2,71500
ACB,20070607,40.9,77300
ACB,20070606,41.5,81400
ACB,20070605,41.1,70100
ACB,20070604,42,101700
ACB,20070601,42.8,141800
ACB,20070531,42.4,93300
ACB,20070530,42,73900
ACB,20070529,43.2,66400
ACB,20070528,43.6,74200
ACB,20070525,44,56300
ACB,20070524,44.2,55100
ACB,20070523,44.2,159700
ACB,20070522,44.1,151000
ACB,20070521,44.1,81000
ACB,20070518,44.1,99300
ACB,20070517,44.2,116600
ACB,20070516,43.9,65500
ACB,20070515,44.4,80600
ACB,20070514,44.1,95400
ACB,20070511,44.4,107000
ACB,20070510,43.7,59900
ACB,20070509,44.4,148300
ACB,20070508,44.4,143300
ACB,20070507,43.7,110500
ACB,20070504,43.2,85800
ACB,20070503,44.1,67700
ACB,20070502,45.6,144000
ACB,20070425,47.9,165200
ACB,20070424,43.9,136100
ACB,20070423,44.4,40300
ACB,20070420,48.9,135000
ACB,20070419,50.3,118400
ACB,20070418,52.5,117200
ACB,20070417,49.3,85100
ACB,20070416,49.9,74700
ACB,20070413,53.8,134400
ACB,20070412,52.4,57200
ACB,20070411,54.4,81600
ACB,20070410,54,106800
ACB,20070409,51.7,55800
ACB,20070406,51.5,88700
ACB,20070405,50.1,43400
ACB,20070404,50.9,26700
ACB,20070403,48.5,45600
ACB,20070402,49.5,37900
ACB,20070330,50.5,74300
ACB,20070329,51.9,61100
ACB,20070328,51.3,89000
ACB,20070327,46,72800
ACB,20070326,48.5,82600
ACB,20070323,53.2,85600
ACB,20070322,54.4,46600
ACB,20070321,54.6,87600
ACB,20070320,54.6,119900
ACB,20070319,59,231700
ACB,20070316,56.6,28400
ACB,20070315,53.6,150100
ACB,20070314,51.5,61800
ACB,20070313,54.4,121900
ACB,20070312,55.7,102900
ACB,20070309,57.4,65200
ACB,20070308,57.6,142400
ACB,20070307,57.7,128000
ACB,20070306,56.4,181400
ACB,20070305,52.5,202700
ACB,20070302,49.3,61700
ACB,20070301,49.9,79400
ACB,20070228,50.1,58000
ACB,20070227,50.9,70300
ACB,20070226,47.2,180500
ACB,20070215,43.4,83300
ACB,20070214,42.2,62200
ACB,20070213,40.2,91600
ACB,20070212,39.4,95300
ACB,20070209,39.4,76200
ACB,20070208,39.4,100800
ACB,20070207,39.8,75400
ACB,20070206,39.1,39500
ACB,20070205,38.9,38200
ACB,20070202,39.3,25500
ACB,20070201,39.4,64300
ACB,20070131,39.9,40300
ACB,20070130,39.6,38200
ACB,20070129,38.4,40300
ACB,20070126,38.6,56900
ACB,20070125,39.2,52400
ACB,20070124,40.8,100800
ACB,20070123,39.2,74400
ACB,20070122,37.2,117500
ACB,20070119,35.9,78000
ACB,20070118,34.2,90800
ACB,20070117,32.9,169500
ACB,20070116,33.2,100800
ACB,20070115,32.9,45100
ACB,20070112,32.7,65300
ACB,20070111,32.3,87800
ACB,20070110,32.1,67700
ACB,20070109,31.5,48900
ACB,20070108,31.8,53100
ACB,20070105,31.9,80600
ACB,20070104,31.3,79800
ACB,20070103,30.3,42700
ACB,20070102,29.9,80300
ACB,20061229,30.3,103200
ACB,20061228,30.8,106000
ACB,20061227,29.7,63900
ACB,20061226,28.6,34000
ACB,20061225,28.3,48400
ACB,20061222,27.9,41000
ACB,20061221,29.1,44600
ACB,20061220,29.2,57400
ACB,20061219,29,37400
ACB,20061218,29.2,70400
ACB,20061215,28.9,56800
ACB,20061214,28.4,45600
ACB,20061213,28.2,70500
ACB,20061212,28,29000
ACB,20061211,29.1,67600
ACB,20061208,28.5,48500
ACB,20061207,27.1,24200
ACB,20061206,24.7,81800
ACB,20061205,24.7,111400
ACB,20061204,25.6,89500
ACB,20061201,26.4,59300
ACB,20061130,26.5,66200
ACB,20061129,27.8,30900
ACB,20061128,28.9,19800
ACB,20061127,29.6,42400
ACB,20061124,29.6,63600
ACB,20061123,27.9,69900
ACB,20061122,27.2,62300
ACB,20061121,26.3,56500
